"No","Variable","SourceFile","AnalysisRole","Hypothesis","Description","ValidValues","RType","ObservedRange","Missing_n","Missing_pct","Distinct","M1_RawIssue","M2_Treatment","Retention"
1,"SurveyYear","D07","Constant (2024) - no analytical value","","Survey reference year. Constant (2024) across all records.","2024","integer","2 024 to 2 024",0,0,1,"","None logged","Copies in D04, D05, D06, D08, D09, D10 dropped; this copy kept"
2,"Province","D07","Label for ProvinceCode - use ProvinceCode in models","","Province name as a text label.","9 SA provinces (free text, needs cleaning)","character","9 distinct values",0,0,9,"raw values are inconsistent (mixed case and padding, e.g. ' Gauteng ', 'GAUTENG'); should be trimmed/standardised to 9 provinces.","Free-text province with padding and inconsistent case (' Gauteng ', 'GAUTENG') -> Rebuilt from the clean numeric ProvinceCode via lookup","Copies in D04, D05, D06, D08, D09, D10 dropped; this copy kept"
3,"HouseholdID","D07","Key - identifies the household, not a predictor","","Unique household identifier; join key across household datasets and to person datasets. 18-digit code encoding PSU/geography. Store as text to avoid float rounding.","18-digit household id","character","20 940 distinct values",0,0,20940,"","Read as text, not as a number (Person C); exact duplicate rows removed (Person C); 15 D05 placeholder keys restored by row position and descriptor match (Person B, see key_repair_log_personB.csv)","Join key - present in all seven files"
4,"ProvinceCode","D07","Candidate predictor","","Numeric province code (StatsSA standard).","1 = Western Cape; 2 = Eastern Cape; 3 = Northern Cape; 4 = Free State; 5 = KwaZulu-Natal; 6 = North West; 7 = Gauteng; 8 = Mpumalanga; 9 = Limpopo","integer","1 to 9",0,0,9,"","None logged","Copies in D04, D05, D06, D08, D09, D10 dropped; this copy kept"
5,"AdultHungerCode","D07","Hunger outcome - leakage risk, not a predictor","","Frequency of adults going hungry due to lack of food.","1-6 frequency; 9 = Unspecified","integer","1 to 6",67,0.32,6,"","Sentinel codes (9) = Unspecified -> Recoded to NA","Only in this file"
6,"ChildHungerCode","D07","Hunger outcome - leakage risk, not a predictor","","Frequency of children going hungry due to lack of food.","1-6 frequency; 9 = Unspecified","integer","1 to 6",2,0.01,6,"","Sentinel codes (9) = Unspecified -> Recoded to NA","Only in this file"
7,"WorriedFoodWouldRunOutCode","D07","FI Score item - defines the target, never a predictor","","Worried food would run out (food-insecurity scale item).","1 = Yes; 2 = No; 9 = Unspecified","integer","1 to 2",29,0.14,2,"","Sentinel codes (9) = Unspecified -> Recoded to NA","Only in this file"
8,"UnableToEatHealthyFoodCode","D07","FI Score item - defines the target, never a predictor","","Unable to eat healthy/nutritious food (scale item).","1 = Yes; 2 = No; 9 = Unspecified","integer","1 to 2",31,0.15,2,"","Sentinel codes (9) = Unspecified -> Recoded to NA","Only in this file"
9,"AteFewFoodsCode","D07","FI Score item - defines the target, never a predictor","","Ate only a few kinds of food (scale item).","1 = Yes; 2 = No; 9 = Unspecified","integer","1 to 2",19,0.09,2,"","Sentinel codes (9) = Unspecified -> Recoded to NA","Only in this file"
10,"FewFoodsDays","D07","Hunger outcome - leakage risk, not a predictor","","Banded number of days ate few foods.","1-2 bands; 8 = Not applicable","integer","1 to 2",15823,75.56,2,"","Sentinel codes (8) = Not applicable -> Recoded to NA","Only in this file"
11,"SkippedMealCode","D07","FI Score item - defines the target, never a predictor","","Had to skip a meal (scale item).","1 = Yes; 2 = No; 9 = Unspecified","integer","1 to 2",24,0.11,2,"","Sentinel codes (9) = Unspecified -> Recoded to NA","Only in this file"
12,"SkippedMealDays","D07","Hunger outcome - leakage risk, not a predictor","","Banded number of days a meal was skipped.","1-2 bands; 8 = Not applicable","integer","1 to 2",17384,83.02,2,"","Sentinel codes (8) = Not applicable -> Recoded to NA","Only in this file"
13,"AteLessCode","D07","FI Score item - defines the target, never a predictor","","Ate less than they thought they should (scale item).","1 = Yes; 2 = No; 9 = Unspecified","integer","1 to 2",29,0.14,2,"","Sentinel codes (9) = Unspecified -> Recoded to NA","Only in this file"
14,"AteLessDays","D07","Hunger outcome - leakage risk, not a predictor","","Banded number of days ate less.","1-2 bands; 8 = Not applicable","integer","1 to 2",16798,80.22,2,"","Sentinel codes (8) = Not applicable -> Recoded to NA","Only in this file"
15,"RanOutOfFoodCode","D07","FI Score item - defines the target, never a predictor","","Household ran out of food (scale item).","1 = Yes; 2 = No; 9 = Unspecified","integer","1 to 2",29,0.14,2,"","Sentinel codes (9) = Unspecified -> Recoded to NA","Only in this file"
16,"RanOutDays","D07","Hunger outcome - leakage risk, not a predictor","","Banded number of days without food.","1-2 bands; 8 = Not applicable","integer","1 to 2",17108,81.7,2,"","Sentinel codes (8) = Not applicable -> Recoded to NA","Only in this file"
17,"HungryButDidNotEatCode","D07","FI Score item - defines the target, never a predictor","","Was hungry but did not eat (scale item).","1 = Yes; 2 = No; 9 = Unspecified","integer","1 to 2",28,0.13,2,"","Sentinel codes (9) = Unspecified -> Recoded to NA","Only in this file"
18,"WholeDayWithoutEatingCode","D07","FI Score item - defines the target, never a predictor","","Went a whole day without eating (scale item).","1 = Yes; 2 = No; 9 = Unspecified","integer","1 to 2",32,0.15,2,"","Sentinel codes (9) = Unspecified -> Recoded to NA","Only in this file"
19,"HouseholdSize","D07","Candidate predictor","H3","Number of people in the household.","0-25","integer","1 to 25",10,0.05,21,"","Household size of 0 is impossible -> Recode 0 to NA (8 and 9 retained as valid sizes)","Copies in D04, D09 dropped; this copy kept"
20,"TotalMonthlyHouseholdIncomeRaw","D07","Candidate predictor","H2, H3 (income control)","Reported total monthly household income (Rand).","Rand amount; 9999999999 = NA/refused","numeric","0 to 1 460 000",451,2.15,3565,"9999999999 used as a not-applicable/refused sentinel; treat extreme values as missing.","Sentinel codes (9999999/99999999/999999999/9999999999) = Refused / not recorded -> Recoded to NA","Copies in D09 dropped; this copy kept"
21,"GeoTypeCode","D07","Candidate predictor","H2","Settlement / geography type.","1 = Urban; 2 = Traditional/Tribal; 3 = Farms","integer","1 to 3",0,0,3,"","None logged","Copies in D04, D05, D06, D08, D10 dropped; this copy kept"
22,"HouseholdWeight","D07","Survey weight - for population estimates, not a predictor","","Household-level sampling weight; use to produce population estimates.","Positive real","numeric","191.8455 to 5 049.937",0,0,4292,"","None logged","Copies in D04, D05, D06, D08, D09, D10 dropped; this copy kept"
23,"HeadPopulationGroupCode","D04","Candidate predictor","","Population group of the household head.","1 = Black African; 2 = Coloured; 3 = Indian/Asian; 4 = White","integer","1 to 4",0,0,4,"","None logged","Only in this file"
24,"HeadSexCode","D04","Candidate predictor","","Sex of the household head.","1 = Male; 2 = Female","integer","1 to 2",0,0,2,"","None logged","Only in this file"
25,"HeadAge","D04","Candidate predictor","","Age of the household head in completed years.","14 to 107","integer","14 to 107",0,0,92,"","None logged","Only in this file"
26,"MainDwellingCode","D04","Candidate predictor","","Type of main dwelling.","1 = House on separate stand; 2 = Flat; ...; 12 = Other. See StatsSA dwelling codelist.","integer","1 to 12",0,0,12,"","None logged","Only in this file"
27,"WallMaterialCode","D04","Candidate predictor","","Main material of the dwelling walls.","1-12 materials; 99 = Unspecified","integer","1 to 12",56,0.27,12,"","Sentinel codes (99) = Unspecified -> Recoded to NA","Only in this file"
28,"RoofMaterialCode","D04","Candidate predictor","","Main material of the dwelling roof.","1-12 materials; 99 = Unspecified","integer","1 to 12",13,0.06,12,"","Sentinel codes (99) = Unspecified -> Recoded to NA","Only in this file"
29,"FloorMaterialCode","D04","Candidate predictor","","Main material of the dwelling floor.","1-9 materials","integer","1 to 9",0,0,9,"","None logged","Only in this file"
30,"WallConditionCode","D04","Candidate predictor","","Condition of the walls.","1 = Very good ... 5 = Very weak/needs replacement","integer","1 to 5",0,0,5,"","None logged","Only in this file"
31,"RoofConditionCode","D04","Candidate predictor","","Condition of the roof.","1 = Very good ... 5 = Very weak; 9 = Unspecified","integer","1 to 5",1,0,5,"","Sentinel codes (9) = Unspecified -> Recoded to NA","Only in this file"
32,"FloorConditionCode","D04","Candidate predictor","","Condition of the floor.","1 = Very good ... 5 = Very weak; 9 = Unspecified","integer","1 to 5",1,0,5,"","Sentinel codes (9) = Unspecified -> Recoded to NA","Only in this file"
33,"TotalRooms","D04","Candidate predictor","","Number of rooms in the dwelling.","1-20; 99 = Unspecified","integer","1 to 25",5,0.02,25,"","Sentinel codes (99) = Unspecified -> Recoded to NA","Only in this file"
34,"TenureCode","D04","Candidate predictor","","Tenure status of the dwelling.","1 = Owned/paid off; 2 = Owned/not paid off; 3 = Rented; 4 = Occupied rent-free; ...; 99 = Unspecified","integer","1 to 8",1,0,8,"","Sentinel codes (99) = Unspecified -> Recoded to NA","Only in this file"
35,"RentRaw","D04","Candidate predictor","","Banded monthly rent.","1-9 rent bands; 88 = NA; 99 = Unspecified","integer","1 to 9",15753,75.23,9,"banded codes, not rand amounts; 88 = NA, 99 = Unspecified.","Sentinel codes (88/99) = Not applicable / Unspecified -> Recoded to NA","Only in this file"
36,"RDPHousingCode","D04","Candidate predictor","","Whether the dwelling is a state-subsidised (RDP/BNG) house.","1 = Yes; 2 = No; 3 = Other; 9 = Unspecified","integer","1 to 3",1,0,3,"","Sentinel codes (9) = Unspecified -> Recoded to NA","Only in this file"
37,"HousingSubsidyCode","D04","Candidate predictor","","Whether the household received a government housing subsidy.","1 = Yes; 2 = No; 3 = Other; 8 = NA; 9 = Unspecified","integer","1 to 3",4082,19.49,3,"","Sentinel codes (8/9) = NA / Unspecified -> Recoded to NA","Only in this file"
38,"MetroCode","D04","Candidate predictor","","Metropolitan / district municipality code.","1 to 17 (metro/district code)","integer","1 to 17",0,0,17,"","None logged","Only in this file"
39,"DrinkingWaterSourceCode","D05","Candidate predictor","","Main source of drinking water.","1-16 sources (piped, borehole, tanker, river, etc.)","integer","1 to 16",60,0.29,16,"","None logged","Only in this file"
40,"DistanceToWaterCode","D05","Candidate predictor","","Banded distance to the water source.","1-5 bands; 8 = NA; 9 = Unspecified","integer","1 to 5",16747,79.98,5,"","Sentinel codes (8/9) = NA / Unspecified -> Recoded to NA","Only in this file"
41,"TimeToWaterRaw","D05","Candidate predictor","","Banded time to fetch water.","1-9 bands plus text 'Unknown'/'not recorded'","numeric","1 to 6",16752,80,6,"stored as text mixing codes with 'Unknown'/'not recorded'.","Numeric codes stored as text with 'Unknown'/'not recorded' tokens -> as.numeric(); text tokens become NA; Sentinel codes (8/9) = NA / Unspecified -> Recoded to NA","Only in this file"
42,"PipedWaterCode","D05","Candidate predictor","","Whether the dwelling has piped/tap water.","1 = Yes; 2 = No; 8 = NA; 9 = Unspecified","integer","1 to 2",16747,79.98,2,"","Sentinel codes (8/9) = NA / Unspecified -> Recoded to NA","Only in this file"
43,"WaterSafeCode","D05","Candidate predictor","","Perceived safety of the water to drink.","1 = Yes; 2 = No; 9 = Unspecified","integer","1 to 2",2,0.01,2,"","Sentinel codes (9) = Unspecified -> Recoded to NA","Only in this file"
44,"WaterClearCode","D05","Candidate predictor","","Water is clear (not discoloured).","1 = Yes; 2 = No; 9 = Unspecified","integer","1 to 2",2,0.01,2,"","Sentinel codes (9) = Unspecified -> Recoded to NA","Only in this file"
45,"WaterTasteCode","D05","Candidate predictor","","Water has an acceptable taste.","1 = Yes; 2 = No; 9 = Unspecified","integer","1 to 2",2,0.01,2,"","Sentinel codes (9) = Unspecified -> Recoded to NA","Only in this file"
46,"WaterSmellCode","D05","Candidate predictor","","Water has an acceptable smell.","1 = Yes; 2 = No; 9 = Unspecified","integer","1 to 2",2,0.01,2,"","Sentinel codes (9) = Unspecified -> Recoded to NA","Only in this file"
47,"WaterTreatmentCode","D05","Candidate predictor","","Whether the household treats its water.","1 = Yes; 2 = No; 3 = Other; 9 = Unspecified","integer","1 to 3",2,0.01,3,"","Sentinel codes (9) = Unspecified -> Recoded to NA","Only in this file"
48,"MunicipalWaterSourceCode","D05","Candidate predictor","","Whether water is supplied by the municipality.","1 = Yes; 2 = No; 3 = Other; 9 = Unspecified","integer","1 to 3",2,0.01,3,"","Sentinel codes (9) = Unspecified -> Recoded to NA","Only in this file"
49,"WaterMeterCode","D05","Candidate predictor","","Whether the water supply is metered.","1 = Yes; 2 = No; 8 = Not applicable","integer","1 to 2",4839,23.11,2,"","Sentinel codes (8) = Not applicable -> Recoded to NA","Only in this file"
50,"PaysForWaterCode","D05","Candidate predictor","","Whether the household pays for water.","1 = Yes; 2 = No; 8 = Not applicable","integer","1 to 2",4839,23.11,2,"","Sentinel codes (8) = Not applicable -> Recoded to NA","Only in this file"
51,"WaterInterruptions12MonthsCode","D05","Candidate predictor","","Any water-supply interruptions in the last 12 months.","1 = Yes; 2 = No; 8 = Not applicable","integer","1 to 2",4839,23.11,2,"","Sentinel codes (8) = Not applicable -> Recoded to NA","Only in this file"
52,"WaterInterruptionFrequencyCode","D05","Candidate predictor","","Frequency of water interruptions.","1-5 frequency bands; 8 = Not applicable","integer","1 to 5",11658,55.67,5,"","Sentinel codes (8) = Not applicable -> Recoded to NA","Only in this file"
53,"WaterAlternativeSourceCode","D05","Candidate predictor","","Alternative water source used during interruptions.","1-13 sources; 88 = Not applicable","integer","1 to 13",15356,73.33,13,"","Sentinel codes (88) = Not applicable -> Recoded to NA","Only in this file"
54,"MainToiletCode","D05","Candidate predictor","H6","Main type of toilet facility.","1-12 toilet types; 99 = Unspecified","integer","1 to 12",2,0.01,12,"","Sentinel codes (99) = Unspecified -> Recoded to NA","Only in this file"
55,"SharedToiletCode","D05","Candidate predictor","","Whether the toilet is shared with other households.","1 = Yes; 2 = No; 8 = NA; 9 = Unspecified","integer","1 to 2",165,0.79,2,"","Sentinel codes (8/9) = NA / Unspecified -> Recoded to NA","Only in this file"
56,"ToiletLocationCode","D05","Candidate predictor","","Location of the toilet relative to the dwelling.","1 = In dwelling; 2 = In yard; 3 = Outside yard; 8 = NA; 9 = Unspecified","integer","1 to 3",165,0.79,3,"","Sentinel codes (8/9) = NA / Unspecified -> Recoded to NA","Only in this file"
57,"ToiletDistanceCode","D05","Candidate predictor","","Banded distance to the toilet.","1-5 bands; 8 = Not applicable","integer","1 to 5",20255,96.73,5,"","Sentinel codes (8) = Not applicable -> Recoded to NA","Only in this file"
58,"HandwashingFacilityCode","D05","Candidate predictor","","Type/availability of a handwashing facility.","1-3 categories; 8 = NA; 9 = Unspecified","integer","1 to 3",165,0.79,3,"","Sentinel codes (8/9) = NA / Unspecified -> Recoded to NA","Only in this file"
59,"HandwashingCode","D05","Candidate predictor","","Handwashing facility has water and soap available.","1-5 categories; 8 = NA; 9 = Unspecified","integer","1 to 5",165,0.79,5,"","Sentinel codes (8/9) = NA / Unspecified -> Recoded to NA","Only in this file"
60,"ElectricityAccessCode","D06","Candidate predictor","H4","Whether the household has access to electricity.","1 = Yes; 2 = No; 9 = Unspecified","integer","1 to 2",52,0.25,2,"","Sentinel codes (9) = Unspecified -> Recoded to NA","Only in this file"
61,"MainElectricitySourceCode","D06","Candidate predictor","","Main source of electricity/energy.","1 = Mains; 2 = Generator; 3 = Solar; 4 = Battery; ...; 8 = Not applicable","integer","1 to 7",1058,5.05,6,"","Sentinel codes (8) = Not applicable -> Recoded to NA","Only in this file"
62,"MainsElectricityCode","D06","Candidate predictor","","Connection to mains electricity.","1 = Yes; 2 = No; 3 = Other; 8 = Not applicable","integer","1 to 3",1175,5.61,3,"","Sentinel codes (8) = Not applicable -> Recoded to NA","Only in this file"
63,"ElectricitySupplyCode","D06","Candidate predictor","","Nature/quality of electricity supply.","1-4 categories; 8 = Not applicable","integer","1 to 4",1836,8.77,4,"","Sentinel codes (8) = Not applicable -> Recoded to NA","Only in this file"
64,"CookingEnergyCode","D06","Candidate predictor","","Main energy source used for cooking.","1-10 energy types plus text 'Unknown'/'not recorded'","numeric","1 to 10",25,0.12,9,"stored as text mixing codes with 'Unknown'/'not recorded'.","Numeric codes stored as text with 'Unknown'/'not recorded' tokens -> as.numeric(); text tokens become NA","Only in this file"
65,"LightingEnergyCode","D06","Candidate predictor","","Main energy source used for lighting.","1-10 energy types","integer","1 to 10",0,0,7,"","None logged","Only in this file"
66,"SpaceHeatingEnergyCode","D06","Candidate predictor","","Main energy source used for space heating.","1-10 energy types","integer","1 to 10",0,0,9,"","None logged","Only in this file"
67,"LoadsheddingFrequencyCode","D06","Candidate predictor","","Frequency of load-shedding/interruptions experienced.","1-5 frequency bands; 9 = Unspecified","integer","1 to 5",2,0.01,5,"","Sentinel codes (9) = Unspecified -> Recoded to NA","Only in this file"
68,"AlternativeLightingCode","D06","Candidate predictor","","Alternative lighting source used during outages.","1-10 sources; 88 = Not applicable","integer","1 to 10",13177,62.93,10,"","Sentinel codes (88) = Not applicable -> Recoded to NA","Only in this file"
69,"AlternativeCookingCode","D06","Candidate predictor","","Alternative cooking source used during outages.","1-8 sources; 88 = Not applicable","integer","1 to 8",13177,62.93,8,"","Sentinel codes (88) = Not applicable -> Recoded to NA","Only in this file"
70,"PaysForElectricityCode","D06","Candidate predictor","","Whether the household pays for electricity.","1 = Yes; 2 = No; 3 = Other; 8 = Not applicable","integer","1 to 3",1836,8.77,3,"","Sentinel codes (8) = Not applicable -> Recoded to NA","Only in this file"
71,"SolarGeyserAssetCode","D06","Candidate predictor","","Household owns a solar geyser.","1 = Yes; 2 = No; 9 = Unspecified","integer","1 to 2",3,0.01,2,"","Sentinel codes (9) = Unspecified -> Recoded to NA","Only in this file"
72,"SolarPanelAssetCode","D06","Candidate predictor","","Household owns solar panels.","1 = Yes; 2 = No; 9 = Unspecified","integer","1 to 2",3,0.01,2,"","Sentinel codes (9) = Unspecified -> Recoded to NA","Copies in D09 dropped; this copy kept"
73,"TelephoneCode","D08","Candidate predictor","","Household has a working landline telephone.","1 = Yes; 2 = No; 9 = Unspecified","integer","1 to 2",2,0.01,2,"","Sentinel codes (9) = Unspecified -> Recoded to NA","Only in this file"
74,"CellphoneCode","D08","Candidate predictor","","Household has at least one cellphone.","1 = Yes; 2 = No","integer","1 to 2",0,0,2,"","None logged","Only in this file"
75,"FixedInternetCode","D08","Candidate predictor","","Household has fixed (wired/fibre) internet.","1 = Yes; 2 = No; 9 = Unspecified","integer","1 to 2",2,0.01,2,"","Sentinel codes (9) = Unspecified -> Recoded to NA","Only in this file"
76,"MobileInternetCode","D08","Candidate predictor","","Household accesses internet via mobile data.","1 = Yes; 2 = No; 9 = Unspecified","integer","1 to 2",62,0.3,2,"","Sentinel codes (9) = Unspecified -> Recoded to NA","Only in this file"
77,"PublicWiFiInternetCode","D08","Candidate predictor","","Household accesses internet via public Wi-Fi.","1 = Yes; 2 = No; 9 = Unspecified","integer","1 to 2",2,0.01,2,"","Sentinel codes (9) = Unspecified -> Recoded to NA","Only in this file"
78,"StudyInternetCode","D08","Candidate predictor","","Accesses internet at place of study.","1 = Yes; 2 = No; 9 = Unspecified","integer","1 to 2",2,0.01,2,"","Sentinel codes (9) = Unspecified -> Recoded to NA","Only in this file"
79,"WorkInternetCode","D08","Candidate predictor","","Accesses internet at place of work.","1 = Yes; 2 = No; 9 = Unspecified","integer","1 to 2",2,0.01,2,"","Sentinel codes (9) = Unspecified -> Recoded to NA","Only in this file"
80,"LibraryInternetCode","D08","Candidate predictor","","Accesses internet at a library.","1 = Yes; 2 = No; 9 = Unspecified","integer","1 to 2",2,0.01,2,"","Sentinel codes (9) = Unspecified -> Recoded to NA","Only in this file"
81,"CafeInternetCode","D08","Candidate predictor","","Accesses internet at an internet cafe.","1 = Yes; 2 = No; 9 = Unspecified","integer","1 to 2",2,0.01,2,"","Sentinel codes (9) = Unspecified -> Recoded to NA","Only in this file"
82,"HouseholdMobilePhones","D08","Candidate predictor","","Count of mobile phones in the household.","0-15","integer","0 to 15",0,0,15,"","None logged","Only in this file"
83,"HouseholdSmartphones","D08","Candidate predictor","","Count of smartphones in the household.","Valid 0+; negatives are data errors","integer","0 to 13",15,0.07,13,"contains invalid negative values that must be cleaned.","Negative counts (-20 to -1) are impossible -> Recode negatives to NA","Only in this file"
84,"IncomeSalaryCode","D09","Candidate predictor","","Household receives income from salaries/wages.","1 = Yes; 2 = No","integer","1 to 2",0,0,2,"","None logged","Only in this file"
85,"IncomeBusinessCode","D09","Candidate predictor","","Household receives income from a business.","1 = Yes; 2 = No","integer","1 to 2",0,0,2,"","None logged","Only in this file"
86,"IncomeRemittanceCode","D09","Candidate predictor","","Household receives remittances.","1 = Yes; 2 = No","integer","1 to 2",0,0,2,"","None logged","Only in this file"
87,"IncomePensionCode","D09","Candidate predictor","","Household receives pension income.","1 = Yes; 2 = No","integer","1 to 2",0,0,2,"","None logged","Only in this file"
88,"IncomeGrantCode","D09","Candidate predictor","","Household receives social grants.","1 = Yes; 2 = No","integer","1 to 2",0,0,2,"","None logged","Only in this file"
89,"IncomeAgricultureCode","D09","Candidate predictor","","Household receives income from agriculture.","1 = Yes; 2 = No","integer","1 to 2",0,0,2,"","None logged","Only in this file"
90,"NoIncomeCode","D09","Candidate predictor","","Household reports no income.","1 = Yes; 2 = No; 9 = Unspecified","integer","1 to 2",1,0,2,"","Sentinel codes (9) = Unspecified -> Recoded to NA","Only in this file"
91,"OtherIncomeCode","D09","Candidate predictor","","Household receives other income.","1 = Yes; 2 = No","integer","1 to 2",0,0,2,"","None logged","Only in this file"
92,"MainIncomeSourceCode","D09","Candidate predictor","","Main source of household income.","1 = Salaries; 2 = Business; 3 = Remittances; 4 = Pension; 5 = Grants; ...; 99 = Unspecified","integer","1 to 8",69,0.33,8,"","Sentinel codes (99) = Unspecified -> Recoded to NA","Only in this file"
93,"RequiredIncomeRaw","D09","Candidate predictor","","Income the household considers necessary to get by (Rand).","Rand amount; 9999999999 = NA","numeric","100 to 900 000",163,0.78,278,"9999999999 used as a not-applicable sentinel.","Sentinel codes (9999999/99999999/999999999/9999999999) = Not applicable -> Recoded to NA","Only in this file"
94,"ComparativeIncomeCode","D09","Candidate predictor","H1","Current income compared with a year ago.","1 = Much higher ... 5 = Much lower; 9 = Unspecified","integer","1 to 5",3,0.01,5,"","Sentinel codes (9) = Unspecified -> Recoded to NA","Only in this file"
95,"ExpenditureBandCode","D09","Candidate predictor","","Banded total monthly household expenditure.","1-14 expenditure bands; 99 = Unspecified","integer","1 to 14",3,0.01,14,"","Sentinel codes (99) = Unspecified -> Recoded to NA","Only in this file"
96,"VehicleAssetCode","D09","Candidate predictor","","Household owns a motor vehicle.","1 = Yes; 2 = No; 9 = Unspecified","integer","1 to 2",3,0.01,2,"","Sentinel codes (9) = Unspecified -> Recoded to NA","Only in this file"
97,"TotalVehicles","D09","Candidate predictor","","Number of vehicles owned.","Count; 88/99 = NA/Unspecified; text 'Unknown'/'not recorded'","numeric","1 to 16",15250,72.83,10,"stored as text mixing counts with 'Unknown'/'not recorded'; 88/99 are sentinels.","Numeric codes stored as text with 'Unknown'/'not recorded' tokens -> as.numeric(); text tokens become NA; Sentinel codes (88/99) = Not applicable / Unspecified -> Recoded to NA","Only in this file"
98,"TVAssetCode","D09","Candidate predictor","","Household owns a television.","1 = Yes; 2 = No; 9 = Unspecified","integer","1 to 2",3,0.01,2,"","Sentinel codes (9) = Unspecified -> Recoded to NA","Only in this file"
99,"PayTVAssetCode","D09","Candidate predictor","","Household has pay-TV (e.g. DStv).","1 = Yes; 2 = No; 9 = Unspecified","integer","1 to 2",3,0.01,2,"","Sentinel codes (9) = Unspecified -> Recoded to NA","Only in this file"
100,"ComputerAssetCode","D09","Candidate predictor","","Household owns a computer/laptop.","1 = Yes; 2 = No; 9 = Unspecified","integer","1 to 2",3,0.01,2,"","Sentinel codes (9) = Unspecified -> Recoded to NA","Copies in D08 dropped; this copy kept"
101,"WashingMachineAssetCode","D09","Candidate predictor","","Household owns a washing machine.","1 = Yes; 2 = No; 9 = Unspecified","integer","1 to 2",3,0.01,2,"","Sentinel codes (9) = Unspecified -> Recoded to NA","Only in this file"
102,"FreezerAssetCode","D09","Candidate predictor","","Household owns a deep freezer.","1 = Yes; 2 = No; 9 = Unspecified","integer","1 to 2",3,0.01,2,"","Sentinel codes (9) = Unspecified -> Recoded to NA","Only in this file"
103,"FridgeAssetCode","D09","Candidate predictor","","Household owns a refrigerator.","1 = Yes; 2 = No; 9 = Unspecified","integer","1 to 2",3,0.01,2,"","Sentinel codes (9) = Unspecified -> Recoded to NA","Only in this file"
104,"MicrowaveAssetCode","D09","Candidate predictor","","Household owns a microwave oven.","1 = Yes; 2 = No; 9 = Unspecified","integer","1 to 2",3,0.01,2,"","Sentinel codes (9) = Unspecified -> Recoded to NA","Only in this file"
105,"GeyserAssetCode","D09","Candidate predictor","","Household owns an electric geyser.","1 = Yes; 2 = No; 9 = Unspecified","integer","1 to 2",3,0.01,2,"","Sentinel codes (9) = Unspecified -> Recoded to NA","Only in this file"
106,"RadioAssetCode","D09","Candidate predictor","","Household owns a radio.","1 = Yes; 2 = No; 9 = Unspecified","integer","1 to 2",3,0.01,2,"","Sentinel codes (9) = Unspecified -> Recoded to NA","Only in this file"
107,"SocialGrantRecipients","D09","Candidate predictor","H5","Number of social-grant recipients in the household.","0-16; 99 = Unspecified","integer","0 to 16",1,0,17,"","Sentinel codes (99) = Unspecified -> Recoded to NA","Only in this file"
108,"TaxiUseCode","D10","Candidate predictor","","Household uses minibus taxis.","1 = Yes; 2 = No; 9 = Unspecified","integer","1 to 2",2,0.01,2,"","Sentinel codes (9) = Unspecified -> Recoded to NA","Only in this file"
109,"BusUseCode","D10","Candidate predictor","","Household uses buses.","1 = Yes; 2 = No; 9 = Unspecified","integer","1 to 2",2,0.01,2,"","Sentinel codes (9) = Unspecified -> Recoded to NA","Only in this file"
110,"TrainUseCode","D10","Candidate predictor","","Household uses trains.","1 = Yes; 2 = No; 9 = Unspecified","integer","1 to 2",2,0.01,2,"","Sentinel codes (9) = Unspecified -> Recoded to NA","Only in this file"
111,"TaxiTrips","D10","Candidate predictor","","Number of taxi trips in the reference period.","Count; 888 = NA","integer","1 to 100",13682,65.34,44,"888 = Not applicable sentinel.","Sentinel codes (888) = Not applicable -> Recoded to NA","Only in this file"
112,"TaxiCostRaw","D10","Candidate predictor","","Cost of taxi travel (Rand).","Rand; 9999 = NA","integer","1 to 4 500",13689,65.37,322,"9999 = Not applicable sentinel.","Sentinel codes (8888/9999) = Not applicable / Unspecified -> Recoded to NA","Only in this file"
113,"TaxiDistanceRaw","D10","Candidate predictor","","Taxi travel distance.","Distance; 888 = NA","integer","0 to 25",13682,65.34,25,"888 = Not applicable sentinel.","Sentinel codes (888) = Not applicable -> Recoded to NA","Only in this file"
114,"BusTrips","D10","Candidate predictor","","Number of bus trips in the reference period.","Count; 888 = NA","integer","1 to 60",20122,96.09,24,"888 = NA sentinel.","Sentinel codes (888) = Not applicable -> Recoded to NA","Only in this file"
115,"BusCostRaw","D10","Candidate predictor","","Cost of bus travel (Rand).","Rand; 9999 = NA","integer","2 to 2 200",20139,96.17,152,"9999 = NA sentinel.","Sentinel codes (8888/9999) = Not applicable / Unspecified -> Recoded to NA","Only in this file"
116,"BusDistanceRaw","D10","Candidate predictor","","Bus travel distance.","Distance; 888 = NA","integer","0 to 25",20122,96.09,17,"888 = NA sentinel.","Sentinel codes (888) = Not applicable -> Recoded to NA","Only in this file"
117,"TrainTrips","D10","Candidate predictor","","Number of train trips in the reference period.","Count; 888 = NA","integer","1 to 80",20859,99.61,14,"888 = NA sentinel.","Sentinel codes (888) = Not applicable -> Recoded to NA","Only in this file"
118,"TrainCostRaw","D10","Candidate predictor","","Cost of train travel (Rand).","Rand; 8888 = NA","integer","7 to 800",20859,99.61,40,"8888 = NA sentinel.","Sentinel codes (8888/9999) = Not applicable / Unspecified -> Recoded to NA","Only in this file"
119,"TrainDistanceRaw","D10","Candidate predictor","","Train travel distance.","Distance; 888 = NA","integer","0 to 22",20859,99.61,11,"888 = NA sentinel.","Sentinel codes (888) = Not applicable -> Recoded to NA","Only in this file"
120,"NearestHealthFacilityCode","D10","Candidate predictor","","Type of nearest health facility used.","1-13 facility types; 99 = Unspecified","integer","1 to 13",2,0.01,13,"","Sentinel codes (99) = Unspecified -> Recoded to NA","Only in this file"
121,"TransportToHealthFacilityCode","D10","Candidate predictor","","Main mode of transport to the health facility.","1-7 modes; 9 = Unspecified","integer","1 to 7",57,0.27,7,"","Sentinel codes (9) = Unspecified -> Recoded to NA","Only in this file"
122,"TimeToHealthFacilityRaw","D10","Candidate predictor","","Banded travel time to the health facility.","1-9 bands; negatives are errors","integer","1 to 5",17,0.08,5,"contains invalid negative values that must be cleaned.","Negative values and code 9 outside valid 1-5 band -> Restrict to 1:5, remainder to NA","Only in this file"
123,"FI_Score","Derived (D07 FI items)","Engineered target score - leakage risk once Vulnerability_Tier/Food_Insecure_Binary are derived, never a predictor","Business Objective 2","Count of ""Yes"" (code 1) responses across the 8 FI Score items in D07. NA when a household has zero valid item responses (DQ-11).","0-8; NA if no FI items answered","numeric","0 to 8 (NA for 15 of 20,940 households)",15,0.07,9,"Milestone 1 scored sentinel 9 as ""No"" on the raw D07 file, so no household was ever unscorable.","Person C's Task 2 cleaning recodes sentinel 9 to NA instead of ""No""; FI_Score is computed with na.rm and set to NA when zero of the 8 items are answered -> 15 unscorable households identified and excluded from modelling (Task 4, Section 4.1a)","Engineered in Person A's Task 4 notebook; excluded from the predictor set once Vulnerability_Tier/Food_Insecure_Binary are derived"
124,"n_fi_answered","Derived (D07 FI items)","Engineered data-quality flag - leakage risk, not a predictor","","Count of the 8 FI Score items with a valid (non-NA) response for a household, out of 8.","0-8","integer","0 to 8",0,0,9,"","Computed in Task 4 to identify partial/zero FI coverage (DQ-11): 103 households have 1-7 missing items, 15 have all 8 missing","Engineered in Task 4; excluded from predictors since it could let a model infer the target from how many items a household answered"
125,"Vulnerability_Tier","Derived (from FI_Score)","Primary modelling target (3-tier)","Business Objective 2","3-tier food-insecurity classification: Food secure (FI_Score = 0), Food insecure (1-3), Severely food insecure (4-8).","Food secure / Food insecure / Severely food insecure","factor","3 levels; 69.45% / 10.55% / 20.00% of 20,925 households with a valid FI_Score",15,0.07,3,"","Derived from FI_Score in Task 4 (Section 4.2); the 15 households with no valid FI_Score are excluded from the modelling dataset rather than assigned a tier","Primary Milestone 3 modelling target"
126,"Food_Insecure_Binary","Derived (from FI_Score)","Documented fallback modelling target (binary)","Business Objective 2 (fallback)","Binary food-insecurity classification: Secure (FI_Score = 0) vs Insecure (FI_Score >= 1).","Secure / Insecure","factor","2 levels; 69.45% / 30.55% of 20,925 households with a valid FI_Score",15,0.07,2,"","Derived from FI_Score in Task 4 (Section 4.2) as a documented contingency if the 3-tier target proves unreliable for the thin Insecure tier (10.55%)","Fallback modelling target only; not used unless the 3-tier target underperforms in Milestone 3"
127,"Income_Log","Derived (from D07 TotalMonthlyHouseholdIncomeRaw)","Candidate predictor (engineered)","H1, H3 (income control)","log1p() transform of TotalMonthlyHouseholdIncomeRaw, applied to correct the strong right skew confirmed in Milestone 1 (median R5,190 vs mean R11,879).","numeric; natural-log(income + 1) scale","numeric","0.000 to 14.194",448,2.14,3565,"","log1p(TotalMonthlyHouseholdIncomeRaw) computed in Task 4, after Person C's Task 2 cleaning recoded the income sentinel to NA","Engineered in Task 4; used as the income predictor in place of the raw Rand value"
128,"Income_PerCapita","Derived (from D07 TotalMonthlyHouseholdIncomeRaw and HouseholdSize)","Candidate predictor (engineered)","H3 (household size x income interaction)","TotalMonthlyHouseholdIncomeRaw divided by HouseholdSize; approximates income per household member.","numeric; Rand per person","numeric","0.00 to 365 000.00 (median R1 950)",458,2.19,5615,"","Computed in Task 4 as TotalMonthlyHouseholdIncomeRaw / HouseholdSize; NA when either source value is NA (448 from income, plus 10 more from HouseholdSize's own missingness)","Engineered in Task 4; supports H3's household-size-by-income framing"
