"orphan_id","row_position","positional_match","SurveyYear","ProvinceCode","GeoTypeCode","HouseholdWeight","households_with_same_descriptors","attribute_candidates","attribute_match","evidence_agrees","restored_id"
"UNMATCHED_452548",1121,"199124540000012101",2024,1,1,758.412450636,9,1,"199124540000012101",TRUE,"199124540000012101"
"UNMATCHED_230139",4136,"298102200000002001",2024,2,2,864.386972284,90,1,"298102200000002001",TRUE,"298102200000002001"
"UNMATCHED_796053",6713,"499112920000013901",2024,4,1,1323.00024345,4,1,"499112920000013901",TRUE,"499112920000013901"
"UNMATCHED_695702",6884,"514100210000017501",2024,5,3,1497.35803035,17,1,"514100210000017501",TRUE,"514100210000017501"
"UNMATCHED_318717",7243,"538102130000012501",2024,5,2,604.102304588,169,1,"538102130000012501",TRUE,"538102130000012501"
"UNMATCHED_448070",7757,"566109870000015301",2024,5,1,576.191302816,50,1,"566109870000015301",TRUE,"566109870000015301"
"UNMATCHED_278853",9924,"599152470000023201",2024,5,1,1444.5714396,12,1,"599152470000023201",TRUE,"599152470000023201"
"UNMATCHED_293887",9967,"599154270000024801",2024,5,2,728.784771368,16,1,"599154270000024801",TRUE,"599154270000024801"
"UNMATCHED_374455",10138,"661102000000086901",2024,6,3,1386.76971453,4,1,"661102000000086901",TRUE,"661102000000086901"
"UNMATCHED_863276",11806,"763101060000057301",2024,7,1,1275.12095928,5,1,"763101060000057301",TRUE,"763101060000057301"
"UNMATCHED_412160",13576,"797147870000029701",2024,7,1,893.416928403,12,1,"797147870000029701",TRUE,"797147870000029701"
"UNMATCHED_212042",15116,"798148590000015901",2024,7,1,2971.62244522,2,1,"798148590000015901",TRUE,"798148590000015901"
"UNMATCHED_475135",15879,"799112200000018501",2024,7,1,1198.99838406,3,1,"799112200000018501",TRUE,"799112200000018501"
"UNMATCHED_898380",17015,"861102330000013801",2024,8,1,581.335364818,34,1,"861102330000013801",TRUE,"861102330000013801"
"UNMATCHED_334502",19234,"966103810000018701",2024,9,1,411.153217819,19,1,"966103810000018701",TRUE,"966103810000018701"
