"file","column","problem","treatment","before","after"
"D04","HouseholdID","Duplicate household records (exact row copies)","distinct(HouseholdID, .keep_all = TRUE)","20956","20940"
"D05","HouseholdID","Duplicate household records (exact row copies)","distinct(HouseholdID, .keep_all = TRUE)","20940","20940"
"D06","HouseholdID","Duplicate household records (exact row copies)","distinct(HouseholdID, .keep_all = TRUE)","20940","20940"
"D07","HouseholdID","Duplicate household records (exact row copies)","distinct(HouseholdID, .keep_all = TRUE)","20955","20940"
"D08","HouseholdID","Duplicate household records (exact row copies)","distinct(HouseholdID, .keep_all = TRUE)","20940","20940"
"D09","HouseholdID","Duplicate household records (exact row copies)","distinct(HouseholdID, .keep_all = TRUE)","20955","20940"
"D10","HouseholdID","Duplicate household records (exact row copies)","distinct(HouseholdID, .keep_all = TRUE)","20940","20940"
"D04","Province","Free-text province with padding and inconsistent case (' Gauteng ', 'GAUTENG')","Rebuilt from the clean numeric ProvinceCode via lookup","29","9"
"D05","Province","Free-text province with padding and inconsistent case (' Gauteng ', 'GAUTENG')","Rebuilt from the clean numeric ProvinceCode via lookup","26","9"
"D06","Province","Free-text province with padding and inconsistent case (' Gauteng ', 'GAUTENG')","Rebuilt from the clean numeric ProvinceCode via lookup","26","9"
"D07","Province","Free-text province with padding and inconsistent case (' Gauteng ', 'GAUTENG')","Rebuilt from the clean numeric ProvinceCode via lookup","9","9"
"D08","Province","Free-text province with padding and inconsistent case (' Gauteng ', 'GAUTENG')","Rebuilt from the clean numeric ProvinceCode via lookup","31","9"
"D09","Province","Free-text province with padding and inconsistent case (' Gauteng ', 'GAUTENG')","Rebuilt from the clean numeric ProvinceCode via lookup","9","9"
"D10","Province","Free-text province with padding and inconsistent case (' Gauteng ', 'GAUTENG')","Rebuilt from the clean numeric ProvinceCode via lookup","28","9"
"D05","TimeToWaterRaw","Numeric codes stored as text with 'Unknown'/'not recorded' tokens","as.numeric(); text tokens become NA","0","25"
"D06","CookingEnergyCode","Numeric codes stored as text with 'Unknown'/'not recorded' tokens","as.numeric(); text tokens become NA","0","25"
"D09","TotalVehicles","Numeric codes stored as text with 'Unknown'/'not recorded' tokens","as.numeric(); text tokens become NA","0","22"
"D04","WallMaterialCode","Sentinel codes (99) = Unspecified","Recoded to NA","55","56"
"D04","RoofMaterialCode","Sentinel codes (99) = Unspecified","Recoded to NA","0","13"
"D04","TotalRooms","Sentinel codes (99) = Unspecified","Recoded to NA","0","5"
"D04","TenureCode","Sentinel codes (99) = Unspecified","Recoded to NA","0","1"
"D04","RoofConditionCode","Sentinel codes (9) = Unspecified","Recoded to NA","0","1"
"D04","FloorConditionCode","Sentinel codes (9) = Unspecified","Recoded to NA","0","1"
"D04","RDPHousingCode","Sentinel codes (9) = Unspecified","Recoded to NA","0","1"
"D04","HousingSubsidyCode","Sentinel codes (8/9) = NA / Unspecified","Recoded to NA","0","4082"
"D04","RentRaw","Sentinel codes (88/99) = Not applicable / Unspecified","Recoded to NA","0","15753"
"D05","WaterSafeCode","Sentinel codes (9) = Unspecified","Recoded to NA","0","2"
"D05","WaterClearCode","Sentinel codes (9) = Unspecified","Recoded to NA","0","2"
"D05","WaterTasteCode","Sentinel codes (9) = Unspecified","Recoded to NA","0","2"
"D05","WaterSmellCode","Sentinel codes (9) = Unspecified","Recoded to NA","0","2"
"D05","WaterTreatmentCode","Sentinel codes (9) = Unspecified","Recoded to NA","0","2"
"D05","MunicipalWaterSourceCode","Sentinel codes (9) = Unspecified","Recoded to NA","0","2"
"D05","WaterMeterCode","Sentinel codes (8) = Not applicable","Recoded to NA","0","4839"
"D05","PaysForWaterCode","Sentinel codes (8) = Not applicable","Recoded to NA","0","4839"
"D05","WaterInterruptions12MonthsCode","Sentinel codes (8) = Not applicable","Recoded to NA","0","4839"
"D05","WaterInterruptionFrequencyCode","Sentinel codes (8) = Not applicable","Recoded to NA","0","11658"
"D05","ToiletDistanceCode","Sentinel codes (8) = Not applicable","Recoded to NA","0","20255"
"D05","DistanceToWaterCode","Sentinel codes (8/9) = NA / Unspecified","Recoded to NA","0","16747"
"D05","TimeToWaterRaw","Sentinel codes (8/9) = NA / Unspecified","Recoded to NA","25","16752"
"D05","PipedWaterCode","Sentinel codes (8/9) = NA / Unspecified","Recoded to NA","0","16747"
"D05","SharedToiletCode","Sentinel codes (8/9) = NA / Unspecified","Recoded to NA","0","165"
"D05","ToiletLocationCode","Sentinel codes (8/9) = NA / Unspecified","Recoded to NA","0","165"
"D05","HandwashingFacilityCode","Sentinel codes (8/9) = NA / Unspecified","Recoded to NA","0","165"
"D05","HandwashingCode","Sentinel codes (8/9) = NA / Unspecified","Recoded to NA","0","165"
"D05","WaterAlternativeSourceCode","Sentinel codes (88) = Not applicable","Recoded to NA","0","15356"
"D05","MainToiletCode","Sentinel codes (99) = Unspecified","Recoded to NA","0","2"
"D06","ElectricityAccessCode","Sentinel codes (9) = Unspecified","Recoded to NA","50","52"
"D06","LoadsheddingFrequencyCode","Sentinel codes (9) = Unspecified","Recoded to NA","0","2"
"D06","SolarGeyserAssetCode","Sentinel codes (9) = Unspecified","Recoded to NA","0","3"
"D06","SolarPanelAssetCode","Sentinel codes (9) = Unspecified","Recoded to NA","0","3"
"D06","MainElectricitySourceCode","Sentinel codes (8) = Not applicable","Recoded to NA","0","1058"
"D06","MainsElectricityCode","Sentinel codes (8) = Not applicable","Recoded to NA","0","1175"
"D06","ElectricitySupplyCode","Sentinel codes (8) = Not applicable","Recoded to NA","0","1836"
"D06","PaysForElectricityCode","Sentinel codes (8) = Not applicable","Recoded to NA","0","1836"
"D06","AlternativeLightingCode","Sentinel codes (88) = Not applicable","Recoded to NA","0","13177"
"D06","AlternativeCookingCode","Sentinel codes (88) = Not applicable","Recoded to NA","0","13177"
"D07","AdultHungerCode","Sentinel codes (9) = Unspecified","Recoded to NA","65","67"
"D07","ChildHungerCode","Sentinel codes (9) = Unspecified","Recoded to NA","0","2"
"D07","WorriedFoodWouldRunOutCode","Sentinel codes (9) = Unspecified","Recoded to NA","0","29"
"D07","UnableToEatHealthyFoodCode","Sentinel codes (9) = Unspecified","Recoded to NA","0","31"
"D07","AteFewFoodsCode","Sentinel codes (9) = Unspecified","Recoded to NA","0","19"
"D07","SkippedMealCode","Sentinel codes (9) = Unspecified","Recoded to NA","0","24"
"D07","AteLessCode","Sentinel codes (9) = Unspecified","Recoded to NA","0","29"
"D07","RanOutOfFoodCode","Sentinel codes (9) = Unspecified","Recoded to NA","0","29"
"D07","HungryButDidNotEatCode","Sentinel codes (9) = Unspecified","Recoded to NA","0","28"
"D07","WholeDayWithoutEatingCode","Sentinel codes (9) = Unspecified","Recoded to NA","0","32"
"D07","FewFoodsDays","Sentinel codes (8) = Not applicable","Recoded to NA","0","15823"
"D07","SkippedMealDays","Sentinel codes (8) = Not applicable","Recoded to NA","0","17384"
"D07","AteLessDays","Sentinel codes (8) = Not applicable","Recoded to NA","0","16798"
"D07","RanOutDays","Sentinel codes (8) = Not applicable","Recoded to NA","0","17108"
"D07","TotalMonthlyHouseholdIncomeRaw","Sentinel codes (9999999/99999999/999999999/9999999999) = Refused / not recorded","Recoded to NA","0","451"
"D08","TelephoneCode","Sentinel codes (9) = Unspecified","Recoded to NA","0","2"
"D08","FixedInternetCode","Sentinel codes (9) = Unspecified","Recoded to NA","0","2"
"D08","MobileInternetCode","Sentinel codes (9) = Unspecified","Recoded to NA","60","62"
"D08","PublicWiFiInternetCode","Sentinel codes (9) = Unspecified","Recoded to NA","0","2"
"D08","StudyInternetCode","Sentinel codes (9) = Unspecified","Recoded to NA","0","2"
"D08","WorkInternetCode","Sentinel codes (9) = Unspecified","Recoded to NA","0","2"
"D08","LibraryInternetCode","Sentinel codes (9) = Unspecified","Recoded to NA","0","2"
"D08","CafeInternetCode","Sentinel codes (9) = Unspecified","Recoded to NA","0","2"
"D08","ComputerAssetCode","Sentinel codes (9) = Unspecified","Recoded to NA","0","3"
"D09","NoIncomeCode","Sentinel codes (9) = Unspecified","Recoded to NA","0","1"
"D09","ComparativeIncomeCode","Sentinel codes (9) = Unspecified","Recoded to NA","0","3"
"D09","VehicleAssetCode","Sentinel codes (9) = Unspecified","Recoded to NA","0","3"
"D09","TVAssetCode","Sentinel codes (9) = Unspecified","Recoded to NA","0","3"
"D09","PayTVAssetCode","Sentinel codes (9) = Unspecified","Recoded to NA","0","3"
"D09","ComputerAssetCode","Sentinel codes (9) = Unspecified","Recoded to NA","0","3"
"D09","WashingMachineAssetCode","Sentinel codes (9) = Unspecified","Recoded to NA","0","3"
"D09","FreezerAssetCode","Sentinel codes (9) = Unspecified","Recoded to NA","0","3"
"D09","FridgeAssetCode","Sentinel codes (9) = Unspecified","Recoded to NA","0","3"
"D09","MicrowaveAssetCode","Sentinel codes (9) = Unspecified","Recoded to NA","0","3"
"D09","GeyserAssetCode","Sentinel codes (9) = Unspecified","Recoded to NA","0","3"
"D09","RadioAssetCode","Sentinel codes (9) = Unspecified","Recoded to NA","0","3"
"D09","MainIncomeSourceCode","Sentinel codes (99) = Unspecified","Recoded to NA","65","69"
"D09","ExpenditureBandCode","Sentinel codes (99) = Unspecified","Recoded to NA","0","3"
"D09","SocialGrantRecipients","Sentinel codes (99) = Unspecified","Recoded to NA","0","1"
"D09","TotalVehicles","Sentinel codes (88/99) = Not applicable / Unspecified","Recoded to NA","22","15250"
"D09","RequiredIncomeRaw","Sentinel codes (9999999/99999999/999999999/9999999999) = Not applicable","Recoded to NA","0","163"
"D10","TaxiUseCode","Sentinel codes (9) = Unspecified","Recoded to NA","0","2"
"D10","BusUseCode","Sentinel codes (9) = Unspecified","Recoded to NA","0","2"
"D10","TrainUseCode","Sentinel codes (9) = Unspecified","Recoded to NA","0","2"
"D10","TransportToHealthFacilityCode","Sentinel codes (9) = Unspecified","Recoded to NA","55","57"
"D10","TaxiTrips","Sentinel codes (888) = Not applicable","Recoded to NA","0","13682"
"D10","TaxiDistanceRaw","Sentinel codes (888) = Not applicable","Recoded to NA","0","13682"
"D10","BusTrips","Sentinel codes (888) = Not applicable","Recoded to NA","0","20122"
"D10","BusDistanceRaw","Sentinel codes (888) = Not applicable","Recoded to NA","0","20122"
"D10","TrainTrips","Sentinel codes (888) = Not applicable","Recoded to NA","0","20859"
"D10","TrainDistanceRaw","Sentinel codes (888) = Not applicable","Recoded to NA","0","20859"
"D10","TaxiCostRaw","Sentinel codes (8888/9999) = Not applicable / Unspecified","Recoded to NA","0","13689"
"D10","BusCostRaw","Sentinel codes (8888/9999) = Not applicable / Unspecified","Recoded to NA","0","20139"
"D10","TrainCostRaw","Sentinel codes (8888/9999) = Not applicable / Unspecified","Recoded to NA","0","20859"
"D10","NearestHealthFacilityCode","Sentinel codes (99) = Unspecified","Recoded to NA","0","2"
"D04","HouseholdSize","Household size of 0 is impossible","Recode 0 to NA (8 and 9 retained as valid sizes)","12","0"
"D07","HouseholdSize","Household size of 0 is impossible","Recode 0 to NA (8 and 9 retained as valid sizes)","10","0"
"D08","HouseholdSmartphones","Negative counts (-20 to -1) are impossible","Recode negatives to NA","15","0"
"D10","TimeToHealthFacilityRaw","Negative values and code 9 outside valid 1-5 band","Restrict to 1:5, remainder to NA","17","0"
