"Term","OddsRatio","CI_low","CI_high","p_value"
"ComparativeIncomeCode2",0.477,0.376,0.608,1.75e-09
"ComparativeIncomeCode3",0.485,0.388,0.608,2.73e-10
"ComparativeIncomeCode4",0.864,0.693,1.082,0.199
"ComparativeIncomeCode5",2.048,1.625,2.59,1.67e-09
"GeoTypeCodeTraditional_Tribal",0.755,0.659,0.866,5.85e-05
"GeoTypeCodeFarms",0.887,0.704,1.114,0.306
"HouseholdSize",1.039,1.01,1.068,0.00837
"Income_Log",0.743,0.719,0.767,3.67e-73
"ElectricityAccessCodeNo",2.069,1.725,2.48,4.17e-15
"SocialGrantRecipients",1.197,1.157,1.238,2.29e-25
"MainToiletCode2",0.719,0.572,0.898,0.00412
"MainToiletCode5",1.314,1.134,1.522,0.000281
"MainToiletCode6",0.929,0.789,1.094,0.379
"MainToiletCode7",0.771,0.621,0.954,0.0174
"MainToiletCodeOther",0.739,0.581,0.936,0.013
