"variable","group","households","at_risk","recall","recall_95_low","recall_95_high","false_negative_rate","precision","pct_flagged","gap_vs_overall","within_10_points","within_tolerance"
"Settlement type","Farms",197,62,0.758064516129032,0.638474924839726,0.847541037946662,0.241935483870968,0.431192660550459,0.553299492385787,-0.0491267293113012,TRUE,"Yes"
"Settlement type","Traditional/tribal",2026,726,0.87465564738292,0.84858111789396,0.89678624021559,0.12534435261708,0.458815028901734,0.683119447186575,0.0674644019425866,TRUE,"Yes"
"Settlement type","Urban",4056,1131,0.76657824933687,0.741048331794046,0.79030342250882,0.23342175066313,0.393019038984588,0.543885601577909,-0.0406129961034635,TRUE,"Yes"
"Monthly income","< R2,500",1635,738,0.940379403794038,0.920908149099246,0.955289847482537,0.0596205962059621,0.48907681465821,0.867889908256881,0.133188158353704,FALSE,"No"
"Monthly income","> R11,500",1500,189,0.391534391534392,0.324772027004273,0.462618089982333,0.608465608465608,0.308333333333333,0.16,-0.415656853905942,FALSE,"No"
"Monthly income","R2,500-5,000",1386,512,0.82421875,0.788868548126053,0.85474005355364,0.17578125,0.40305635148042,0.755411255411255,0.0170275045596665,TRUE,"Yes"
"Monthly income","R5,000-11,500",1620,455,0.749450549450549,0.70765791513261,0.787066342312284,0.250549450549451,0.36587982832618,0.575308641975309,-0.057740695989784,TRUE,"Yes"
"Household size","1-2",2785,748,0.75668449197861,0.724674007976576,0.786071968445535,0.24331550802139,0.4002828854314,0.507719928186715,-0.0505067534617238,TRUE,"Yes"
"Household size","3-4",1909,570,0.770175438596491,0.733896605468292,0.802837008434358,0.229824561403509,0.404235727440147,0.568884232582504,-0.0370158068438423,TRUE,"Yes"
"Household size","5-6",1010,354,0.872881355932203,0.834133903005936,0.903622982040422,0.127118644067797,0.431564245810056,0.708910891089109,0.0656901104918699,TRUE,"Yes"
"Household size","7+",570,245,0.959183673469388,0.926509407497666,0.97768075866804,0.0408163265306122,0.488565488565489,0.843859649122807,0.151992428029054,FALSE,"No"
"Grant receipt","No grants",2596,530,0.616981132075472,0.574893673194405,0.657385026691377,0.383018867924528,0.374570446735395,0.336286594761171,-0.190210113364862,FALSE,"No"
"Grant receipt","Receives grants",3683,1389,0.879769618430526,0.861610089859118,0.895834336653903,0.120230381569474,0.43241330502477,0.767309258756449,0.0725783729901921,TRUE,"Yes"
"Province","Eastern Cape",788,347,0.893371757925072,0.856482964940657,0.921646281578988,0.106628242074928,0.552584670231729,0.711928934010152,0.0861805124847386,TRUE,"Yes"
"Province","Free State",374,112,0.848214285714286,0.770313758339177,0.903020303524915,0.151785714285714,0.384615384615385,0.660427807486631,0.0410230402739522,TRUE,"Yes"
"Province","Gauteng",1678,469,0.707889125799574,0.665178347103667,0.747222038611972,0.292110874200426,0.366850828729282,0.539332538736591,-0.09930211964076,TRUE,"Yes"
"Province","KwaZulu-Natal",956,314,0.878980891719745,0.838253311804494,0.910547681253698,0.121019108280255,0.479166666666667,0.602510460251046,0.0717896462794118,TRUE,"Yes"
"Province","Limpopo",714,99,0.848484848484849,0.764958892515785,0.905976747558153,0.151515151515152,0.204878048780488,0.574229691876751,0.041293603044515,TRUE,"Yes"
"Province","Mpumalanga",519,183,0.814207650273224,0.751605616833958,0.863889470422676,0.185792349726776,0.435672514619883,0.658959537572254,0.00701640483289057,TRUE,"Yes"
"Province","North West",413,149,0.805369127516778,0.734459667170802,0.860928525942145,0.194630872483221,0.463320463320463,0.627118644067797,-0.00182211792355502,TRUE,"Yes"
"Province","Northern Cape",246,98,0.795918367346939,0.705689670293669,0.863822988613908,0.204081632653061,0.52,0.609756097560976,-0.0112728780933947,TRUE,"Yes"
"Province","Western Cape",591,148,0.709459459459459,0.631752367974229,0.776568261197375,0.290540540540541,0.421686746987952,0.421319796954315,-0.0977317859808741,TRUE,"Yes"
