File,Position,Column,M1_DataType,M1_Role,Description,ValidValues,M1_RawIssue
D04,1,SurveyYear,Integer,Time,Survey reference year. Constant (2024) across all records.,2024,
D04,2,Province,Text,Geography,Province name as a text label.,"9 SA provinces (free text, needs cleaning)","raw values are inconsistent (mixed case and padding, e.g. ' Gauteng ', 'GAUTENG'); should be trimmed/standardised to 9 provinces."
D04,3,HouseholdID,Integer,Key / Identifier,Unique household identifier; join key across household datasets and to person datasets. 18-digit code encoding PSU/geography. Store as text to avoid float rounding.,18-digit household id,
D04,4,ProvinceCode,Integer,Geography,Numeric province code (StatsSA standard).,1 = Western Cape; 2 = Eastern Cape; 3 = Northern Cape; 4 = Free State; 5 = KwaZulu-Natal; 6 = North West; 7 = Gauteng; 8 = Mpumalanga; 9 = Limpopo,
D04,5,HeadPopulationGroupCode,Integer,Demographic,Population group of the household head.,1 = Black African; 2 = Coloured; 3 = Indian/Asian; 4 = White,
D04,6,HeadSexCode,Integer,Demographic,Sex of the household head.,1 = Male; 2 = Female,
D04,7,HeadAge,Integer,Demographic,Age of the household head in completed years.,14 to 107,
D04,8,MainDwellingCode,Integer,Coded / Categorical,Type of main dwelling.,1 = House on separate stand; 2 = Flat; ...; 12 = Other. See StatsSA dwelling codelist.,
D04,9,WallMaterialCode,Integer (nullable),Coded / Categorical,Main material of the dwelling walls.,1-12 materials; 99 = Unspecified,
D04,10,RoofMaterialCode,Integer,Coded / Categorical,Main material of the dwelling roof.,1-12 materials; 99 = Unspecified,
D04,11,FloorMaterialCode,Integer,Coded / Categorical,Main material of the dwelling floor.,1-9 materials,
D04,12,WallConditionCode,Integer,Coded / Categorical,Condition of the walls.,1 = Very good ... 5 = Very weak/needs replacement,
D04,13,RoofConditionCode,Integer,Coded / Categorical,Condition of the roof.,1 = Very good ... 5 = Very weak; 9 = Unspecified,
D04,14,FloorConditionCode,Integer,Coded / Categorical,Condition of the floor.,1 = Very good ... 5 = Very weak; 9 = Unspecified,
D04,15,TotalRooms,Integer,Measure (numeric),Number of rooms in the dwelling.,1-20; 99 = Unspecified,
D04,16,TenureCode,Integer,Coded / Categorical,Tenure status of the dwelling.,1 = Owned/paid off; 2 = Owned/not paid off; 3 = Rented; 4 = Occupied rent-free; ...; 99 = Unspecified,
D04,17,RentRaw,Integer,Coded / Categorical,Banded monthly rent.,1-9 rent bands; 88 = NA; 99 = Unspecified,"banded codes, not rand amounts; 88 = NA, 99 = Unspecified."
D04,18,RDPHousingCode,Integer,Coded / Categorical,Whether the dwelling is a state-subsidised (RDP/BNG) house.,1 = Yes; 2 = No; 3 = Other; 9 = Unspecified,
D04,19,HousingSubsidyCode,Integer,Coded / Categorical,Whether the household received a government housing subsidy.,1 = Yes; 2 = No; 3 = Other; 8 = NA; 9 = Unspecified,
D04,20,HouseholdSize,Integer,Measure (numeric),Number of people in the household.,0-25,
D04,21,GeoTypeCode,Integer,Geography,Settlement / geography type.,1 = Urban; 2 = Traditional/Tribal; 3 = Farms,
D04,22,MetroCode,Integer,Geography,Metropolitan / district municipality code.,1 to 17 (metro/district code),
D04,23,HouseholdWeight,Decimal,Survey weight,Household-level sampling weight; use to produce population estimates.,Positive real,
D05,1,SurveyYear,Integer,Time,Survey reference year. Constant (2024) across all records.,2024,
D05,2,Province,Text,Geography,Province name as a text label.,"9 SA provinces (free text, needs cleaning)","raw values are inconsistent (mixed case and padding, e.g. ' Gauteng ', 'GAUTENG'); should be trimmed/standardised to 9 provinces."
D05,3,HouseholdID,Text,Key / Identifier,Unique household identifier; join key across household datasets and to person datasets. 18-digit code encoding PSU/geography. Store as text to avoid float rounding.,18-digit household id,
D05,4,ProvinceCode,Integer,Geography,Numeric province code (StatsSA standard).,1 = Western Cape; 2 = Eastern Cape; 3 = Northern Cape; 4 = Free State; 5 = KwaZulu-Natal; 6 = North West; 7 = Gauteng; 8 = Mpumalanga; 9 = Limpopo,
D05,5,DrinkingWaterSourceCode,Integer (nullable),Coded / Categorical,Main source of drinking water.,"1-16 sources (piped, borehole, tanker, river, etc.)",
D05,6,DistanceToWaterCode,Integer,Coded / Categorical,Banded distance to the water source.,1-5 bands; 8 = NA; 9 = Unspecified,
D05,7,TimeToWaterRaw,Text,Coded / Categorical,Banded time to fetch water.,1-9 bands plus text 'Unknown'/'not recorded',stored as text mixing codes with 'Unknown'/'not recorded'.
D05,8,PipedWaterCode,Integer,Coded / Categorical,Whether the dwelling has piped/tap water.,1 = Yes; 2 = No; 8 = NA; 9 = Unspecified,
D05,9,WaterSafeCode,Integer,Coded / Categorical,Perceived safety of the water to drink.,1 = Yes; 2 = No; 9 = Unspecified,
D05,10,WaterClearCode,Integer,Coded / Categorical,Water is clear (not discoloured).,1 = Yes; 2 = No; 9 = Unspecified,
D05,11,WaterTasteCode,Integer,Coded / Categorical,Water has an acceptable taste.,1 = Yes; 2 = No; 9 = Unspecified,
D05,12,WaterSmellCode,Integer,Coded / Categorical,Water has an acceptable smell.,1 = Yes; 2 = No; 9 = Unspecified,
D05,13,WaterTreatmentCode,Integer,Coded / Categorical,Whether the household treats its water.,1 = Yes; 2 = No; 3 = Other; 9 = Unspecified,
D05,14,MunicipalWaterSourceCode,Integer,Coded / Categorical,Whether water is supplied by the municipality.,1 = Yes; 2 = No; 3 = Other; 9 = Unspecified,
D05,15,WaterMeterCode,Integer,Coded / Categorical,Whether the water supply is metered.,1 = Yes; 2 = No; 8 = Not applicable,
D05,16,PaysForWaterCode,Integer,Coded / Categorical,Whether the household pays for water.,1 = Yes; 2 = No; 8 = Not applicable,
D05,17,WaterInterruptions12MonthsCode,Integer,Coded / Categorical,Any water-supply interruptions in the last 12 months.,1 = Yes; 2 = No; 8 = Not applicable,
D05,18,WaterInterruptionFrequencyCode,Integer,Coded / Categorical,Frequency of water interruptions.,1-5 frequency bands; 8 = Not applicable,
D05,19,WaterAlternativeSourceCode,Integer,Coded / Categorical,Alternative water source used during interruptions.,1-13 sources; 88 = Not applicable,
D05,20,MainToiletCode,Integer,Coded / Categorical,Main type of toilet facility.,1-12 toilet types; 99 = Unspecified,
D05,21,SharedToiletCode,Integer,Coded / Categorical,Whether the toilet is shared with other households.,1 = Yes; 2 = No; 8 = NA; 9 = Unspecified,
D05,22,ToiletLocationCode,Integer,Coded / Categorical,Location of the toilet relative to the dwelling.,1 = In dwelling; 2 = In yard; 3 = Outside yard; 8 = NA; 9 = Unspecified,
D05,23,ToiletDistanceCode,Integer,Coded / Categorical,Banded distance to the toilet.,1-5 bands; 8 = Not applicable,
D05,24,HandwashingFacilityCode,Integer,Coded / Categorical,Type/availability of a handwashing facility.,1-3 categories; 8 = NA; 9 = Unspecified,
D05,25,HandwashingCode,Integer,Coded / Categorical,Handwashing facility has water and soap available.,1-5 categories; 8 = NA; 9 = Unspecified,
D05,26,GeoTypeCode,Integer,Geography,Settlement / geography type.,1 = Urban; 2 = Traditional/Tribal; 3 = Farms,
D05,27,HouseholdWeight,Decimal,Survey weight,Household-level sampling weight; use to produce population estimates.,Positive real,
D06,1,SurveyYear,Integer,Time,Survey reference year. Constant (2024) across all records.,2024,
D06,2,Province,Text,Geography,Province name as a text label.,"9 SA provinces (free text, needs cleaning)","raw values are inconsistent (mixed case and padding, e.g. ' Gauteng ', 'GAUTENG'); should be trimmed/standardised to 9 provinces."
D06,3,HouseholdID,Integer,Key / Identifier,Unique household identifier; join key across household datasets and to person datasets. 18-digit code encoding PSU/geography. Store as text to avoid float rounding.,18-digit household id,
D06,4,ProvinceCode,Integer,Geography,Numeric province code (StatsSA standard).,1 = Western Cape; 2 = Eastern Cape; 3 = Northern Cape; 4 = Free State; 5 = KwaZulu-Natal; 6 = North West; 7 = Gauteng; 8 = Mpumalanga; 9 = Limpopo,
D06,5,ElectricityAccessCode,Integer (nullable),Coded / Categorical,Whether the household has access to electricity.,1 = Yes; 2 = No; 9 = Unspecified,
D06,6,MainElectricitySourceCode,Integer,Coded / Categorical,Main source of electricity/energy.,1 = Mains; 2 = Generator; 3 = Solar; 4 = Battery; ...; 8 = Not applicable,
D06,7,MainsElectricityCode,Integer,Coded / Categorical,Connection to mains electricity.,1 = Yes; 2 = No; 3 = Other; 8 = Not applicable,
D06,8,ElectricitySupplyCode,Integer,Coded / Categorical,Nature/quality of electricity supply.,1-4 categories; 8 = Not applicable,
D06,9,CookingEnergyCode,Text,Coded / Categorical,Main energy source used for cooking.,1-10 energy types plus text 'Unknown'/'not recorded',stored as text mixing codes with 'Unknown'/'not recorded'.
D06,10,LightingEnergyCode,Integer,Coded / Categorical,Main energy source used for lighting.,1-10 energy types,
D06,11,SpaceHeatingEnergyCode,Integer,Coded / Categorical,Main energy source used for space heating.,1-10 energy types,
D06,12,LoadsheddingFrequencyCode,Integer,Coded / Categorical,Frequency of load-shedding/interruptions experienced.,1-5 frequency bands; 9 = Unspecified,
D06,13,AlternativeLightingCode,Integer,Coded / Categorical,Alternative lighting source used during outages.,1-10 sources; 88 = Not applicable,
D06,14,AlternativeCookingCode,Integer,Coded / Categorical,Alternative cooking source used during outages.,1-8 sources; 88 = Not applicable,
D06,15,PaysForElectricityCode,Integer,Coded / Categorical,Whether the household pays for electricity.,1 = Yes; 2 = No; 3 = Other; 8 = Not applicable,
D06,16,SolarGeyserAssetCode,Integer,Coded / Categorical,Household owns a solar geyser.,1 = Yes; 2 = No; 9 = Unspecified,
D06,17,SolarPanelAssetCode,Integer,Coded / Categorical,Household owns solar panels.,1 = Yes; 2 = No; 9 = Unspecified,
D06,18,GeoTypeCode,Integer,Geography,Settlement / geography type.,1 = Urban; 2 = Traditional/Tribal; 3 = Farms,
D06,19,HouseholdWeight,Decimal,Survey weight,Household-level sampling weight; use to produce population estimates.,Positive real,
D07,1,SurveyYear,Integer,Time,Survey reference year. Constant (2024) across all records.,2024,
D07,2,Province,Text,Geography,Province name as a text label.,"9 SA provinces (free text, needs cleaning)","raw values are inconsistent (mixed case and padding, e.g. ' Gauteng ', 'GAUTENG'); should be trimmed/standardised to 9 provinces."
D07,3,HouseholdID,Integer,Key / Identifier,Unique household identifier; join key across household datasets and to person datasets. 18-digit code encoding PSU/geography. Store as text to avoid float rounding.,18-digit household id,
D07,4,ProvinceCode,Integer,Geography,Numeric province code (StatsSA standard).,1 = Western Cape; 2 = Eastern Cape; 3 = Northern Cape; 4 = Free State; 5 = KwaZulu-Natal; 6 = North West; 7 = Gauteng; 8 = Mpumalanga; 9 = Limpopo,
D07,5,AdultHungerCode,Integer (nullable),Coded / Categorical,Frequency of adults going hungry due to lack of food.,1-6 frequency; 9 = Unspecified,
D07,6,ChildHungerCode,Integer,Coded / Categorical,Frequency of children going hungry due to lack of food.,1-6 frequency; 9 = Unspecified,
D07,7,WorriedFoodWouldRunOutCode,Integer,Coded / Categorical,Worried food would run out (food-insecurity scale item).,1 = Yes; 2 = No; 9 = Unspecified,
D07,8,UnableToEatHealthyFoodCode,Integer,Coded / Categorical,Unable to eat healthy/nutritious food (scale item).,1 = Yes; 2 = No; 9 = Unspecified,
D07,9,AteFewFoodsCode,Integer,Coded / Categorical,Ate only a few kinds of food (scale item).,1 = Yes; 2 = No; 9 = Unspecified,
D07,10,FewFoodsDays,Integer,Coded / Categorical,Banded number of days ate few foods.,1-2 bands; 8 = Not applicable,
D07,11,SkippedMealCode,Integer,Coded / Categorical,Had to skip a meal (scale item).,1 = Yes; 2 = No; 9 = Unspecified,
D07,12,SkippedMealDays,Integer,Coded / Categorical,Banded number of days a meal was skipped.,1-2 bands; 8 = Not applicable,
D07,13,AteLessCode,Integer,Coded / Categorical,Ate less than they thought they should (scale item).,1 = Yes; 2 = No; 9 = Unspecified,
D07,14,AteLessDays,Integer,Coded / Categorical,Banded number of days ate less.,1-2 bands; 8 = Not applicable,
D07,15,RanOutOfFoodCode,Integer,Coded / Categorical,Household ran out of food (scale item).,1 = Yes; 2 = No; 9 = Unspecified,
D07,16,RanOutDays,Integer,Coded / Categorical,Banded number of days without food.,1-2 bands; 8 = Not applicable,
D07,17,HungryButDidNotEatCode,Integer,Coded / Categorical,Was hungry but did not eat (scale item).,1 = Yes; 2 = No; 9 = Unspecified,
D07,18,WholeDayWithoutEatingCode,Integer,Coded / Categorical,Went a whole day without eating (scale item).,1 = Yes; 2 = No; 9 = Unspecified,
D07,19,HouseholdSize,Integer,Measure (numeric),Number of people in the household.,0-25,
D07,20,TotalMonthlyHouseholdIncomeRaw,Integer,Measure (numeric),Reported total monthly household income (Rand).,Rand amount; 9999999999 = NA/refused,9999999999 used as a not-applicable/refused sentinel; treat extreme values as missing.
D07,21,GeoTypeCode,Integer,Geography,Settlement / geography type.,1 = Urban; 2 = Traditional/Tribal; 3 = Farms,
D07,22,HouseholdWeight,Decimal,Survey weight,Household-level sampling weight; use to produce population estimates.,Positive real,
D08,1,SurveyYear,Integer,Time,Survey reference year. Constant (2024) across all records.,2024,
D08,2,Province,Text,Geography,Province name as a text label.,"9 SA provinces (free text, needs cleaning)","raw values are inconsistent (mixed case and padding, e.g. ' Gauteng ', 'GAUTENG'); should be trimmed/standardised to 9 provinces."
D08,3,HouseholdID,Integer,Key / Identifier,Unique household identifier; join key across household datasets and to person datasets. 18-digit code encoding PSU/geography. Store as text to avoid float rounding.,18-digit household id,
D08,4,ProvinceCode,Integer,Geography,Numeric province code (StatsSA standard).,1 = Western Cape; 2 = Eastern Cape; 3 = Northern Cape; 4 = Free State; 5 = KwaZulu-Natal; 6 = North West; 7 = Gauteng; 8 = Mpumalanga; 9 = Limpopo,
D08,5,TelephoneCode,Integer,Coded / Categorical,Household has a working landline telephone.,1 = Yes; 2 = No; 9 = Unspecified,
D08,6,CellphoneCode,Integer,Coded / Categorical,Household has at least one cellphone.,1 = Yes; 2 = No,
D08,7,FixedInternetCode,Integer,Coded / Categorical,Household has fixed (wired/fibre) internet.,1 = Yes; 2 = No; 9 = Unspecified,
D08,8,MobileInternetCode,Integer (nullable),Coded / Categorical,Household accesses internet via mobile data.,1 = Yes; 2 = No; 9 = Unspecified,
D08,9,PublicWiFiInternetCode,Integer,Coded / Categorical,Household accesses internet via public Wi-Fi.,1 = Yes; 2 = No; 9 = Unspecified,
D08,10,StudyInternetCode,Integer,Coded / Categorical,Accesses internet at place of study.,1 = Yes; 2 = No; 9 = Unspecified,
D08,11,WorkInternetCode,Integer,Coded / Categorical,Accesses internet at place of work.,1 = Yes; 2 = No; 9 = Unspecified,
D08,12,LibraryInternetCode,Integer,Coded / Categorical,Accesses internet at a library.,1 = Yes; 2 = No; 9 = Unspecified,
D08,13,CafeInternetCode,Integer,Coded / Categorical,Accesses internet at an internet cafe.,1 = Yes; 2 = No; 9 = Unspecified,
D08,14,HouseholdMobilePhones,Integer,Measure (numeric),Count of mobile phones in the household.,0-15,
D08,15,HouseholdSmartphones,Integer,Measure (numeric),Count of smartphones in the household.,Valid 0+; negatives are data errors,contains invalid negative values that must be cleaned.
D08,16,ComputerAssetCode,Integer,Coded / Categorical,Household owns a computer/laptop.,1 = Yes; 2 = No; 9 = Unspecified,
D08,17,GeoTypeCode,Integer,Geography,Settlement / geography type.,1 = Urban; 2 = Traditional/Tribal; 3 = Farms,
D08,18,HouseholdWeight,Decimal,Survey weight,Household-level sampling weight; use to produce population estimates.,Positive real,
D10,1,SurveyYear,Integer,Time,Survey reference year. Constant (2024) across all records.,2024,
D10,2,Province,Text,Geography,Province name as a text label.,"9 SA provinces (free text, needs cleaning)","raw values are inconsistent (mixed case and padding, e.g. ' Gauteng ', 'GAUTENG'); should be trimmed/standardised to 9 provinces."
D10,3,HouseholdID,Integer,Key / Identifier,Unique household identifier; join key across household datasets and to person datasets. 18-digit code encoding PSU/geography. Store as text to avoid float rounding.,18-digit household id,
D10,4,ProvinceCode,Integer,Geography,Numeric province code (StatsSA standard).,1 = Western Cape; 2 = Eastern Cape; 3 = Northern Cape; 4 = Free State; 5 = KwaZulu-Natal; 6 = North West; 7 = Gauteng; 8 = Mpumalanga; 9 = Limpopo,
D10,5,TaxiUseCode,Integer,Coded / Categorical,Household uses minibus taxis.,1 = Yes; 2 = No; 9 = Unspecified,
D10,6,BusUseCode,Integer,Coded / Categorical,Household uses buses.,1 = Yes; 2 = No; 9 = Unspecified,
D10,7,TrainUseCode,Integer,Coded / Categorical,Household uses trains.,1 = Yes; 2 = No; 9 = Unspecified,
D10,8,TaxiTrips,Integer,Measure (numeric),Number of taxi trips in the reference period.,Count; 888 = NA,888 = Not applicable sentinel.
D10,9,TaxiCostRaw,Integer,Measure (numeric),Cost of taxi travel (Rand).,Rand; 9999 = NA,9999 = Not applicable sentinel.
D10,10,TaxiDistanceRaw,Integer,Measure (numeric),Taxi travel distance.,Distance; 888 = NA,888 = Not applicable sentinel.
D10,11,BusTrips,Integer,Measure (numeric),Number of bus trips in the reference period.,Count; 888 = NA,888 = NA sentinel.
D10,12,BusCostRaw,Integer,Measure (numeric),Cost of bus travel (Rand).,Rand; 9999 = NA,9999 = NA sentinel.
D10,13,BusDistanceRaw,Integer,Measure (numeric),Bus travel distance.,Distance; 888 = NA,888 = NA sentinel.
D10,14,TrainTrips,Integer,Measure (numeric),Number of train trips in the reference period.,Count; 888 = NA,888 = NA sentinel.
D10,15,TrainCostRaw,Integer,Measure (numeric),Cost of train travel (Rand).,Rand; 8888 = NA,8888 = NA sentinel.
D10,16,TrainDistanceRaw,Integer,Measure (numeric),Train travel distance.,Distance; 888 = NA,888 = NA sentinel.
D10,17,NearestHealthFacilityCode,Integer,Coded / Categorical,Type of nearest health facility used.,1-13 facility types; 99 = Unspecified,
D10,18,TransportToHealthFacilityCode,Integer (nullable),Coded / Categorical,Main mode of transport to the health facility.,1-7 modes; 9 = Unspecified,
D10,19,TimeToHealthFacilityRaw,Integer,Coded / Categorical,Banded travel time to the health facility.,1-9 bands; negatives are errors,contains invalid negative values that must be cleaned.
D10,20,GeoTypeCode,Integer,Geography,Settlement / geography type.,1 = Urban; 2 = Traditional/Tribal; 3 = Farms,
D10,21,HouseholdWeight,Decimal,Survey weight,Household-level sampling weight; use to produce population estimates.,Positive real,
D09,1,SurveyYear,Integer,Time,Survey reference year. Constant (2024) across all records.,2024,
D09,2,Province,Text,Geography,Province name as a text label.,"9 SA provinces (free text, needs cleaning)","raw values are inconsistent (mixed case and padding, e.g. ' Gauteng ', 'GAUTENG'); should be trimmed/standardised to 9 provinces."
D09,3,HouseholdID,Integer,Key / Identifier,Unique household identifier; join key across household datasets and to person datasets. 18-digit code encoding PSU/geography. Store as text to avoid float rounding.,18-digit household id,
D09,4,ProvinceCode,Integer,Geography,Numeric province code (StatsSA standard).,1 = Western Cape; 2 = Eastern Cape; 3 = Northern Cape; 4 = Free State; 5 = KwaZulu-Natal; 6 = North West; 7 = Gauteng; 8 = Mpumalanga; 9 = Limpopo,
D09,5,IncomeSalaryCode,Integer,Coded / Categorical,Household receives income from salaries/wages.,1 = Yes; 2 = No,
D09,6,IncomeBusinessCode,Integer,Coded / Categorical,Household receives income from a business.,1 = Yes; 2 = No,
D09,7,IncomeRemittanceCode,Integer,Coded / Categorical,Household receives remittances.,1 = Yes; 2 = No,
D09,8,IncomePensionCode,Integer,Coded / Categorical,Household receives pension income.,1 = Yes; 2 = No,
D09,9,IncomeGrantCode,Integer,Coded / Categorical,Household receives social grants.,1 = Yes; 2 = No,
D09,10,IncomeAgricultureCode,Integer,Coded / Categorical,Household receives income from agriculture.,1 = Yes; 2 = No,
D09,11,NoIncomeCode,Integer,Coded / Categorical,Household reports no income.,1 = Yes; 2 = No; 9 = Unspecified,
D09,12,OtherIncomeCode,Integer,Coded / Categorical,Household receives other income.,1 = Yes; 2 = No,
D09,13,MainIncomeSourceCode,Integer (nullable),Coded / Categorical,Main source of household income.,1 = Salaries; 2 = Business; 3 = Remittances; 4 = Pension; 5 = Grants; ...; 99 = Unspecified,
D09,14,RequiredIncomeRaw,Integer,Measure (numeric),Income the household considers necessary to get by (Rand).,Rand amount; 9999999999 = NA,9999999999 used as a not-applicable sentinel.
D09,15,ComparativeIncomeCode,Integer,Coded / Categorical,Current income compared with a year ago.,1 = Much higher ... 5 = Much lower; 9 = Unspecified,
D09,16,ExpenditureBandCode,Integer,Coded / Categorical,Banded total monthly household expenditure.,1-14 expenditure bands; 99 = Unspecified,
D09,17,TotalMonthlyHouseholdIncomeRaw,Integer,Measure (numeric),Reported total monthly household income (Rand).,Rand amount; 9999999999 = NA/refused,9999999999 used as a not-applicable/refused sentinel; treat extreme values as missing.
D09,18,VehicleAssetCode,Integer,Coded / Categorical,Household owns a motor vehicle.,1 = Yes; 2 = No; 9 = Unspecified,
D09,19,TotalVehicles,Text,Coded / Categorical,Number of vehicles owned.,Count; 88/99 = NA/Unspecified; text 'Unknown'/'not recorded',stored as text mixing counts with 'Unknown'/'not recorded'; 88/99 are sentinels.
D09,20,TVAssetCode,Integer,Coded / Categorical,Household owns a television.,1 = Yes; 2 = No; 9 = Unspecified,
D09,21,PayTVAssetCode,Integer,Coded / Categorical,Household has pay-TV (e.g. DStv).,1 = Yes; 2 = No; 9 = Unspecified,
D09,22,ComputerAssetCode,Integer,Coded / Categorical,Household owns a computer/laptop.,1 = Yes; 2 = No; 9 = Unspecified,
D09,23,WashingMachineAssetCode,Integer,Coded / Categorical,Household owns a washing machine.,1 = Yes; 2 = No; 9 = Unspecified,
D09,24,FreezerAssetCode,Integer,Coded / Categorical,Household owns a deep freezer.,1 = Yes; 2 = No; 9 = Unspecified,
D09,25,FridgeAssetCode,Integer,Coded / Categorical,Household owns a refrigerator.,1 = Yes; 2 = No; 9 = Unspecified,
D09,26,MicrowaveAssetCode,Integer,Coded / Categorical,Household owns a microwave oven.,1 = Yes; 2 = No; 9 = Unspecified,
D09,27,GeyserAssetCode,Integer,Coded / Categorical,Household owns an electric geyser.,1 = Yes; 2 = No; 9 = Unspecified,
D09,28,SolarPanelAssetCode,Integer,Coded / Categorical,Household owns solar panels.,1 = Yes; 2 = No; 9 = Unspecified,
D09,29,RadioAssetCode,Integer,Coded / Categorical,Household owns a radio.,1 = Yes; 2 = No; 9 = Unspecified,
D09,30,HouseholdSize,Integer,Measure (numeric),Number of people in the household.,0-25,
D09,31,SalaryEarnersInHousehold,Integer,Measure (numeric),Number of salary earners in the household.,Count; 9999999 = NA,9999999 sentinel present; treat extremes as missing.
D09,32,SocialGrantRecipients,Integer,Measure (numeric),Number of social-grant recipients in the household.,0-16; 99 = Unspecified,
D09,33,TotalGrantRecipients,Integer,Measure (numeric),Total grant value / recipients aggregate.,Numeric (validate),scale unclear in raw data; validate before use.
D09,34,HouseholdWeight,Decimal,Survey weight,Household-level sampling weight; use to produce population estimates.,Positive real,
